region;dm_method;lag;models_params;predictors_dict;predictors_list;selected_predictors;recall. mean;precision. mean;fscore. mean;recall. std;precision. std;fscore. std;K-Fscores
LeftMotor;None;6;{'C': 0.7, 'kernel': 'rbf', 'random_state': 5};{'speech_left_ts': ['IPU_left']};['IPU_left_t6', 'IPU_left_t5', 'IPU_left_t4', 'IPU_left_t3'];['IPU_left_t6', 'IPU_left_t5', 'IPU_left_t4', 'IPU_left_t3'];0.6192934782608696;0.712690179421488;0.635165287571404;0.05130211207054296;0.03760308552772929;0.046907927062894234;0.6521739130434783,0.5389492753623188,0.7137681159420289,0.6684782608695652,0.6177536231884058,0.6059782608695652,0.6467391304347826,0.5471014492753623,0.6186594202898551,0.5833333333333334
RightMotor;None;6;{'C': 0.7, 'kernel': 'rbf', 'random_state': 5};{'speech_left_ts': ['IPU_left']};['IPU_left_t6', 'IPU_left_t5', 'IPU_left_t4', 'IPU_left_t3'];['IPU_left_t6', 'IPU_left_t5', 'IPU_left_t4', 'IPU_left_t3'];0.6146739130434784;0.7090010670158995;0.6298297997488284;0.055274704935178796;0.040171868413316034;0.05321052299699234;0.6213768115942029,0.5398550724637681,0.7418478260869565,0.6494565217391305,0.6458333333333334,0.5896739130434783,0.6385869565217391,0.5634057971014492,0.5851449275362319,0.5715579710144928
LeftMotor;None;6;{'C': 0.7, 'kernel': 'rbf', 'random_state': 5};{'speech_left_ts': ['disc_IPU_left']};['disc_IPU_left_t6', 'disc_IPU_left_t5', 'disc_IPU_left_t4', 'disc_IPU_left_t3'];['disc_IPU_left_t6', 'disc_IPU_left_t5', 'disc_IPU_left_t4', 'disc_IPU_left_t3'];0.617481884057971;0.692631059368059;0.6312024786964734;0.051356459067421215;0.04366099645927165;0.04774669191996144;0.6077898550724637,0.5751811594202898,0.740036231884058,0.6702898550724637,0.6032608695652174,0.6277173913043478,0.582427536231884,0.5489130434782609,0.6222826086956522,0.5969202898550725
LeftFusiformGyrus;None;6;{'C': 0.7, 'kernel': 'rbf', 'random_state': 5};{'energy_ts': ['mouth_AU', 'eyes_AU', 'total_AU', 'head_rotation_energy', 'head_translation_energy', 'head_positions']};['mouth_AU_t6', 'mouth_AU_t5', 'mouth_AU_t4', 'mouth_AU_t3', 'eyes_AU_t6', 'eyes_AU_t5', 'eyes_AU_t4', 'eyes_AU_t3', 'total_AU_t6', 'total_AU_t5', 'total_AU_t4', 'total_AU_t3', 'head_rotation_energy_t6', 'head_rotation_energy_t5', 'head_rotation_energy_t4', 'head_rotation_energy_t3', 'head_translation_energy_t6', 'head_translation_energy_t5', 'head_translation_energy_t4', 'head_translation_energy_t3', 'head_positions_t6', 'head_positions_t5', 'head_positions_t4', 'head_positions_t3'];['mouth_AU_t6', 'mouth_AU_t5', 'mouth_AU_t4', 'mouth_AU_t3', 'eyes_AU_t6', 'eyes_AU_t5', 'eyes_AU_t4', 'eyes_AU_t3', 'total_AU_t6', 'total_AU_t5', 'total_AU_t4', 'total_AU_t3', 'head_rotation_energy_t6', 'head_rotation_energy_t5', 'head_rotation_energy_t4', 'head_rotation_energy_t3', 'head_translation_energy_t6', 'head_translation_energy_t5', 'head_translation_energy_t4', 'head_translation_energy_t3', 'head_positions_t6', 'head_positions_t5', 'head_positions_t4', 'head_positions_t3'];0.5908514492753623;0.6011767830478321;0.5814210767517471;0.09231583483435342;0.06308862450966751;0.09291037569559815;0.7056159420289855,0.667572463768116,0.5869565217391305,0.5688405797101449,0.5398550724637681,0.49818840579710144,0.5878623188405797,0.39492753623188404,0.6648550724637681,0.6938405797101449
RightMotor;None;6;{'C': 0.7, 'kernel': 'rbf', 'random_state': 5};{'speech_left_ts': ['disc_IPU_left']};['disc_IPU_left_t6', 'disc_IPU_left_t5', 'disc_IPU_left_t4', 'disc_IPU_left_t3'];['disc_IPU_left_t6', 'disc_IPU_left_t5', 'disc_IPU_left_t4', 'disc_IPU_left_t3'];0.6320652173913043;0.6936711439280193;0.6424418469667569;0.051261714149393525;0.041843326482321565;0.049047249702898865;0.6114130434782609,0.6141304347826086,0.7418478260869565,0.6494565217391305,0.7019927536231884,0.6367753623188406,0.6195652173913043,0.5806159420289855,0.5987318840579711,0.5661231884057971
LeftSTS;None;6;{'C': 1, 'kernel': 'linear', 'random_state': 5};{'speech_ts': ['IPU', 'disc_IPU', 'Overlap', 'ReactionTime', 'FilledBreaks', 'Feedbacks', 'Discourses', 'Particles', 'Laughters', 'LexicalRichness1', 'LexicalRichness2', 'Polarity', 'Subjectivity', 'UnionSocioItems']};['IPU_t6', 'IPU_t5', 'IPU_t4', 'IPU_t3', 'disc_IPU_t6', 'disc_IPU_t5', 'disc_IPU_t4', 'disc_IPU_t3', 'Overlap_t6', 'Overlap_t5', 'Overlap_t4', 'Overlap_t3', 'ReactionTime_t6', 'ReactionTime_t5', 'ReactionTime_t4', 'ReactionTime_t3', 'FilledBreaks_t6', 'FilledBreaks_t5', 'FilledBreaks_t4', 'FilledBreaks_t3', 'Feedbacks_t6', 'Feedbacks_t5', 'Feedbacks_t4', 'Feedbacks_t3', 'Discourses_t6', 'Discourses_t5', 'Discourses_t4', 'Discourses_t3', 'Particles_t6', 'Particles_t5', 'Particles_t4', 'Particles_t3', 'Laughters_t6', 'Laughters_t5', 'Laughters_t4', 'Laughters_t3', 'LexicalRichness1_t6', 'LexicalRichness1_t5', 'LexicalRichness1_t4', 'LexicalRichness1_t3', 'LexicalRichness2_t6', 'LexicalRichness2_t5', 'LexicalRichness2_t4', 'LexicalRichness2_t3', 'Polarity_t6', 'Polarity_t5', 'Polarity_t4', 'Polarity_t3', 'Subjectivity_t6', 'Subjectivity_t5', 'Subjectivity_t4', 'Subjectivity_t3', 'UnionSocioItems_t6', 'UnionSocioItems_t5', 'UnionSocioItems_t4', 'UnionSocioItems_t3'];['IPU_t6', 'IPU_t5', 'IPU_t4', 'IPU_t3', 'disc_IPU_t6', 'disc_IPU_t5', 'disc_IPU_t4', 'disc_IPU_t3', 'Overlap_t6', 'Overlap_t5', 'Overlap_t4', 'Overlap_t3', 'ReactionTime_t6', 'ReactionTime_t5', 'ReactionTime_t4', 'ReactionTime_t3', 'FilledBreaks_t6', 'FilledBreaks_t5', 'FilledBreaks_t4', 'FilledBreaks_t3', 'Feedbacks_t6', 'Feedbacks_t5', 'Feedbacks_t4', 'Feedbacks_t3', 'Discourses_t6', 'Discourses_t5', 'Discourses_t4', 'Discourses_t3', 'Particles_t6', 'Particles_t5', 'Particles_t4', 'Particles_t3', 'Laughters_t6', 'Laughters_t5', 'Laughters_t4', 'Laughters_t3', 'LexicalRichness1_t6', 'LexicalRichness1_t5', 'LexicalRichness1_t4', 'LexicalRichness1_t3', 'LexicalRichness2_t6', 'LexicalRichness2_t5', 'LexicalRichness2_t4', 'LexicalRichness2_t3', 'Polarity_t6', 'Polarity_t5', 'Polarity_t4', 'Polarity_t3', 'Subjectivity_t6', 'Subjectivity_t5', 'Subjectivity_t4', 'Subjectivity_t3', 'UnionSocioItems_t6', 'UnionSocioItems_t5', 'UnionSocioItems_t4', 'UnionSocioItems_t3'];0.6655797101449276;0.7474465172205764;0.6872451669954105;0.0431558851639103;0.058782533385262146;0.046787257491512135;0.6865942028985508,0.6603260869565217,0.6041666666666666,0.5679347826086957,0.6612318840579711,0.6875,0.6875,0.7137681159420289,0.6929347826086957,0.6938405797101449
RightSTS;None;6;{'C': 0.7, 'kernel': 'linear', 'random_state': 5};{'speech_ts': ['IPU', 'disc_IPU', 'Overlap', 'ReactionTime', 'FilledBreaks', 'Feedbacks', 'Discourses', 'Particles', 'Laughters', 'LexicalRichness1', 'LexicalRichness2', 'Polarity', 'Subjectivity', 'UnionSocioItems']};['IPU_t6', 'IPU_t5', 'IPU_t4', 'IPU_t3', 'disc_IPU_t6', 'disc_IPU_t5', 'disc_IPU_t4', 'disc_IPU_t3', 'Overlap_t6', 'Overlap_t5', 'Overlap_t4', 'Overlap_t3', 'ReactionTime_t6', 'ReactionTime_t5', 'ReactionTime_t4', 'ReactionTime_t3', 'FilledBreaks_t6', 'FilledBreaks_t5', 'FilledBreaks_t4', 'FilledBreaks_t3', 'Feedbacks_t6', 'Feedbacks_t5', 'Feedbacks_t4', 'Feedbacks_t3', 'Discourses_t6', 'Discourses_t5', 'Discourses_t4', 'Discourses_t3', 'Particles_t6', 'Particles_t5', 'Particles_t4', 'Particles_t3', 'Laughters_t6', 'Laughters_t5', 'Laughters_t4', 'Laughters_t3', 'LexicalRichness1_t6', 'LexicalRichness1_t5', 'LexicalRichness1_t4', 'LexicalRichness1_t3', 'LexicalRichness2_t6', 'LexicalRichness2_t5', 'LexicalRichness2_t4', 'LexicalRichness2_t3', 'Polarity_t6', 'Polarity_t5', 'Polarity_t4', 'Polarity_t3', 'Subjectivity_t6', 'Subjectivity_t5', 'Subjectivity_t4', 'Subjectivity_t3', 'UnionSocioItems_t6', 'UnionSocioItems_t5', 'UnionSocioItems_t4', 'UnionSocioItems_t3'];['IPU_t6', 'IPU_t5', 'IPU_t4', 'IPU_t3', 'disc_IPU_t6', 'disc_IPU_t5', 'disc_IPU_t4', 'disc_IPU_t3', 'Overlap_t6', 'Overlap_t5', 'Overlap_t4', 'Overlap_t3', 'ReactionTime_t6', 'ReactionTime_t5', 'ReactionTime_t4', 'ReactionTime_t3', 'FilledBreaks_t6', 'FilledBreaks_t5', 'FilledBreaks_t4', 'FilledBreaks_t3', 'Feedbacks_t6', 'Feedbacks_t5', 'Feedbacks_t4', 'Feedbacks_t3', 'Discourses_t6', 'Discourses_t5', 'Discourses_t4', 'Discourses_t3', 'Particles_t6', 'Particles_t5', 'Particles_t4', 'Particles_t3', 'Laughters_t6', 'Laughters_t5', 'Laughters_t4', 'Laughters_t3', 'LexicalRichness1_t6', 'LexicalRichness1_t5', 'LexicalRichness1_t4', 'LexicalRichness1_t3', 'LexicalRichness2_t6', 'LexicalRichness2_t5', 'LexicalRichness2_t4', 'LexicalRichness2_t3', 'Polarity_t6', 'Polarity_t5', 'Polarity_t4', 'Polarity_t3', 'Subjectivity_t6', 'Subjectivity_t5', 'Subjectivity_t4', 'Subjectivity_t3', 'UnionSocioItems_t6', 'UnionSocioItems_t5', 'UnionSocioItems_t4', 'UnionSocioItems_t3'];0.675090579710145;0.7568464296356489;0.6968092758769646;0.03208376295754051;0.027955490050467834;0.031145564475078887;0.6494565217391305,0.6766304347826086,0.6603260869565217,0.6023550724637681,0.7028985507246377,0.6929347826086957,0.6865942028985508,0.7001811594202898,0.720108695652174,0.6594202898550725
LeftFusiformGyrus;None;6;{'C': 0.7, 'kernel': 'sigmoid', 'random_state': 5};{'eyetracking_ts': ['Vx', 'Vy', 'saccades', 'Face', 'Mouth', 'Eyes']};['Vx_t6', 'Vx_t5', 'Vx_t4', 'Vx_t3', 'Vy_t6', 'Vy_t5', 'Vy_t4', 'Vy_t3', 'saccades_t6', 'saccades_t5', 'saccades_t4', 'saccades_t3', 'Face_t6', 'Face_t5', 'Face_t4', 'Face_t3', 'Mouth_t6', 'Mouth_t5', 'Mouth_t4', 'Mouth_t3', 'Eyes_t6', 'Eyes_t5', 'Eyes_t4', 'Eyes_t3'];['Vx_t6', 'Vx_t5', 'Vx_t4', 'Vx_t3', 'Vy_t6', 'Vy_t5', 'Vy_t4', 'Vy_t3', 'saccades_t6', 'saccades_t5', 'saccades_t4', 'saccades_t3', 'Face_t6', 'Face_t5', 'Face_t4', 'Face_t3', 'Mouth_t6', 'Mouth_t5', 'Mouth_t4', 'Mouth_t3', 'Eyes_t6', 'Eyes_t5', 'Eyes_t4', 'Eyes_t3'];0.529891304347826;0.6117326948843299;0.5399417755401814;0.08961716840263238;0.0702758019601959;0.08658459024017855;0.717391304347826,0.6521739130434783,0.5471014492753623,0.4583333333333333,0.4583333333333333,0.5054347826086957,0.4230072463768116,0.5135869565217391,0.5697463768115942,0.453804347826087
LeftSTS;None;6;{'C': 0.7, 'kernel': 'rbf', 'random_state': 5};{'speech_ts': ['disc_IPU']};['disc_IPU_t6', 'disc_IPU_t5', 'disc_IPU_t4', 'disc_IPU_t3'];['disc_IPU_t6', 'disc_IPU_t5', 'disc_IPU_t4', 'disc_IPU_t3'];0.6723731884057971;0.7509596996634816;0.6920132954243893;0.05833649791128041;0.06345238067205913;0.06110845312291039;0.6956521739130435,0.677536231884058,0.5914855072463768,0.5371376811594203,0.6865942028985508,0.6793478260869565,0.6884057971014492,0.7409420289855072,0.707427536231884,0.7192028985507246
RightSTS;None;6;{'C': 1, 'kernel': 'linear', 'random_state': 5};{'speech_ts': ['disc_IPU']};['disc_IPU_t6', 'disc_IPU_t5', 'disc_IPU_t4', 'disc_IPU_t3'];['disc_IPU_t6', 'disc_IPU_t5', 'disc_IPU_t4', 'disc_IPU_t3'];0.6752717391304348;0.7571931373027706;0.69702789459185;0.032004902128259134;0.027383339076811293;0.031031477880328718;0.6494565217391305,0.6766304347826086,0.6621376811594203,0.6023550724637681,0.7028985507246377,0.6929347826086957,0.6865942028985508,0.7001811594202898,0.720108695652174,0.6594202898550725
LeftFusiformGyrus;None;6;{'C': 0.7, 'kernel': 'sigmoid', 'random_state': 5};{'eyetracking_ts': ['Face']};['Face_t6', 'Face_t5', 'Face_t4', 'Face_t3'];['Face_t6', 'Face_t5', 'Face_t4', 'Face_t3'];0.49519927536231884;0.5980360481684935;0.5035214564927789;0.09992715689989062;0.049607849520540995;0.10581689101150132;0.276268115942029,0.6711956521739131,0.5606884057971014,0.542572463768116,0.5416666666666666,0.5235507246376812,0.4583333333333333,0.5235507246376812,0.42934782608695654,0.42481884057971014
LeftMotor;None;6;{'C': 0.7, 'kernel': 'rbf', 'random_state': 5};{'speech_left_ts': ['IPU_left', 'disc_IPU_left', 'Overlap_left', 'ReactionTime_left', 'FilledBreaks_left', 'Feedbacks_left', 'Discourses_left', 'Particles_left', 'Laughters_left', 'LexicalRichness1_left', 'LexicalRichness2_left', 'Polarity_left', 'Subjectivity_left', 'UnionSocioItems_left']};['IPU_left_t6', 'IPU_left_t5', 'IPU_left_t4', 'IPU_left_t3', 'disc_IPU_left_t6', 'disc_IPU_left_t5', 'disc_IPU_left_t4', 'disc_IPU_left_t3', 'Overlap_left_t6', 'Overlap_left_t5', 'Overlap_left_t4', 'Overlap_left_t3', 'ReactionTime_left_t6', 'ReactionTime_left_t5', 'ReactionTime_left_t4', 'ReactionTime_left_t3', 'FilledBreaks_left_t6', 'FilledBreaks_left_t5', 'FilledBreaks_left_t4', 'FilledBreaks_left_t3', 'Feedbacks_left_t6', 'Feedbacks_left_t5', 'Feedbacks_left_t4', 'Feedbacks_left_t3', 'Discourses_left_t6', 'Discourses_left_t5', 'Discourses_left_t4', 'Discourses_left_t3', 'Particles_left_t6', 'Particles_left_t5', 'Particles_left_t4', 'Particles_left_t3', 'Laughters_left_t6', 'Laughters_left_t5', 'Laughters_left_t4', 'Laughters_left_t3', 'LexicalRichness1_left_t6', 'LexicalRichness1_left_t5', 'LexicalRichness1_left_t4', 'LexicalRichness1_left_t3', 'LexicalRichness2_left_t6', 'LexicalRichness2_left_t5', 'LexicalRichness2_left_t4', 'LexicalRichness2_left_t3', 'Polarity_left_t6', 'Polarity_left_t5', 'Polarity_left_t4', 'Polarity_left_t3', 'Subjectivity_left_t6', 'Subjectivity_left_t5', 'Subjectivity_left_t4', 'Subjectivity_left_t3', 'UnionSocioItems_left_t6', 'UnionSocioItems_left_t5', 'UnionSocioItems_left_t4', 'UnionSocioItems_left_t3'];['IPU_left_t6', 'IPU_left_t5', 'IPU_left_t4', 'IPU_left_t3', 'disc_IPU_left_t6', 'disc_IPU_left_t5', 'disc_IPU_left_t4', 'disc_IPU_left_t3', 'Overlap_left_t6', 'Overlap_left_t5', 'Overlap_left_t4', 'Overlap_left_t3', 'ReactionTime_left_t6', 'ReactionTime_left_t5', 'ReactionTime_left_t4', 'ReactionTime_left_t3', 'FilledBreaks_left_t6', 'FilledBreaks_left_t5', 'FilledBreaks_left_t4', 'FilledBreaks_left_t3', 'Feedbacks_left_t6', 'Feedbacks_left_t5', 'Feedbacks_left_t4', 'Feedbacks_left_t3', 'Discourses_left_t6', 'Discourses_left_t5', 'Discourses_left_t4', 'Discourses_left_t3', 'Particles_left_t6', 'Particles_left_t5', 'Particles_left_t4', 'Particles_left_t3', 'Laughters_left_t6', 'Laughters_left_t5', 'Laughters_left_t4', 'Laughters_left_t3', 'LexicalRichness1_left_t6', 'LexicalRichness1_left_t5', 'LexicalRichness1_left_t4', 'LexicalRichness1_left_t3', 'LexicalRichness2_left_t6', 'LexicalRichness2_left_t5', 'LexicalRichness2_left_t4', 'LexicalRichness2_left_t3', 'Polarity_left_t6', 'Polarity_left_t5', 'Polarity_left_t4', 'Polarity_left_t3', 'Subjectivity_left_t6', 'Subjectivity_left_t5', 'Subjectivity_left_t4', 'Subjectivity_left_t3', 'UnionSocioItems_left_t6', 'UnionSocioItems_left_t5', 'UnionSocioItems_left_t4', 'UnionSocioItems_left_t3'];0.6133152173913043;0.7064433691975708;0.6301886457439148;0.04688399147118012;0.03428465028661309;0.04223102082845482;0.625,0.5733695652173914,0.7146739130434783,0.6856884057971014,0.605072463768116,0.5896739130434783,0.5969202898550725,0.5615942028985508,0.5987318840579711,0.582427536231884
RightMotor;None;6;{'C': 0.7, 'kernel': 'rbf', 'random_state': 5};{'speech_left_ts': ['IPU_left', 'disc_IPU_left', 'Overlap_left', 'ReactionTime_left', 'FilledBreaks_left', 'Feedbacks_left', 'Discourses_left', 'Particles_left', 'Laughters_left', 'LexicalRichness1_left', 'LexicalRichness2_left', 'Polarity_left', 'Subjectivity_left', 'UnionSocioItems_left']};['IPU_left_t6', 'IPU_left_t5', 'IPU_left_t4', 'IPU_left_t3', 'disc_IPU_left_t6', 'disc_IPU_left_t5', 'disc_IPU_left_t4', 'disc_IPU_left_t3', 'Overlap_left_t6', 'Overlap_left_t5', 'Overlap_left_t4', 'Overlap_left_t3', 'ReactionTime_left_t6', 'ReactionTime_left_t5', 'ReactionTime_left_t4', 'ReactionTime_left_t3', 'FilledBreaks_left_t6', 'FilledBreaks_left_t5', 'FilledBreaks_left_t4', 'FilledBreaks_left_t3', 'Feedbacks_left_t6', 'Feedbacks_left_t5', 'Feedbacks_left_t4', 'Feedbacks_left_t3', 'Discourses_left_t6', 'Discourses_left_t5', 'Discourses_left_t4', 'Discourses_left_t3', 'Particles_left_t6', 'Particles_left_t5', 'Particles_left_t4', 'Particles_left_t3', 'Laughters_left_t6', 'Laughters_left_t5', 'Laughters_left_t4', 'Laughters_left_t3', 'LexicalRichness1_left_t6', 'LexicalRichness1_left_t5', 'LexicalRichness1_left_t4', 'LexicalRichness1_left_t3', 'LexicalRichness2_left_t6', 'LexicalRichness2_left_t5', 'LexicalRichness2_left_t4', 'LexicalRichness2_left_t3', 'Polarity_left_t6', 'Polarity_left_t5', 'Polarity_left_t4', 'Polarity_left_t3', 'Subjectivity_left_t6', 'Subjectivity_left_t5', 'Subjectivity_left_t4', 'Subjectivity_left_t3', 'UnionSocioItems_left_t6', 'UnionSocioItems_left_t5', 'UnionSocioItems_left_t4', 'UnionSocioItems_left_t3'];['IPU_left_t6', 'IPU_left_t5', 'IPU_left_t4', 'IPU_left_t3', 'disc_IPU_left_t6', 'disc_IPU_left_t5', 'disc_IPU_left_t4', 'disc_IPU_left_t3', 'Overlap_left_t6', 'Overlap_left_t5', 'Overlap_left_t4', 'Overlap_left_t3', 'ReactionTime_left_t6', 'ReactionTime_left_t5', 'ReactionTime_left_t4', 'ReactionTime_left_t3', 'FilledBreaks_left_t6', 'FilledBreaks_left_t5', 'FilledBreaks_left_t4', 'FilledBreaks_left_t3', 'Feedbacks_left_t6', 'Feedbacks_left_t5', 'Feedbacks_left_t4', 'Feedbacks_left_t3', 'Discourses_left_t6', 'Discourses_left_t5', 'Discourses_left_t4', 'Discourses_left_t3', 'Particles_left_t6', 'Particles_left_t5', 'Particles_left_t4', 'Particles_left_t3', 'Laughters_left_t6', 'Laughters_left_t5', 'Laughters_left_t4', 'Laughters_left_t3', 'LexicalRichness1_left_t6', 'LexicalRichness1_left_t5', 'LexicalRichness1_left_t4', 'LexicalRichness1_left_t3', 'LexicalRichness2_left_t6', 'LexicalRichness2_left_t5', 'LexicalRichness2_left_t4', 'LexicalRichness2_left_t3', 'Polarity_left_t6', 'Polarity_left_t5', 'Polarity_left_t4', 'Polarity_left_t3', 'Subjectivity_left_t6', 'Subjectivity_left_t5', 'Subjectivity_left_t4', 'Subjectivity_left_t3', 'UnionSocioItems_left_t6', 'UnionSocioItems_left_t5', 'UnionSocioItems_left_t4', 'UnionSocioItems_left_t3'];0.621195652173913;0.7082266758089111;0.6370056074017586;0.049839916490523925;0.03659966273276612;0.048184505567443345;0.6304347826086957,0.5588768115942029,0.7273550724637681,0.6711956521739131,0.6648550724637681,0.6159420289855072,0.5942028985507246,0.5769927536231884,0.5833333333333334,0.5887681159420289
LeftSTS;None;6;{'C': 0.7, 'kernel': 'rbf', 'random_state': 5};{'speech_ts': ['IPU']};['IPU_t6', 'IPU_t5', 'IPU_t4', 'IPU_t3'];['IPU_t6', 'IPU_t5', 'IPU_t4', 'IPU_t3'];0.6710144927536232;0.7557524373953333;0.6920197939457726;0.05583091155202554;0.06537637703198608;0.057377147845896835;0.7065217391304348,0.6711956521739131,0.5869565217391305,0.5606884057971014,0.6666666666666666,0.6621376811594203,0.7019927536231884,0.7608695652173914,0.707427536231884,0.6856884057971014
RightSTS;None;6;{'C': 0.7, 'kernel': 'rbf', 'random_state': 5};{'speech_ts': ['IPU']};['IPU_t6', 'IPU_t5', 'IPU_t4', 'IPU_t3'];['IPU_t6', 'IPU_t5', 'IPU_t4', 'IPU_t3'];0.6695652173913043;0.7691183041313304;0.6920743315939469;0.04216152265820868;0.028877945906617943;0.039886031597758095;0.6413043478260869,0.644927536231884,0.6458333333333334,0.5896739130434783,0.7065217391304348,0.6757246376811594,0.6865942028985508,0.7364130434782609,0.7219202898550725,0.6467391304347826
LeftMotor;None;6;{'C': 0.7, 'kernel': 'rbf', 'random_state': 5};{'speech_left_ts': ['IPU_left'], 'speech_ts': ['IPU']};['IPU_left_t6', 'IPU_left_t5', 'IPU_left_t4', 'IPU_left_t3', 'IPU_t6', 'IPU_t5', 'IPU_t4', 'IPU_t3'];['IPU_left_t6', 'IPU_left_t5', 'IPU_left_t4', 'IPU_left_t3', 'IPU_t6', 'IPU_t5', 'IPU_t4', 'IPU_t3'];0.6370471014492753;0.7139243429242765;0.6526510242875343;0.0558547867867592;0.03761159596725985;0.048432578973968576;0.6648550724637681,0.5760869565217391,0.7336956521739131,0.7373188405797102,0.6132246376811594,0.615036231884058,0.6313405797101449,0.5697463768115942,0.6331521739130435,0.5960144927536232
RightMotor;None;6;{'C': 0.7, 'kernel': 'rbf', 'random_state': 5};{'speech_left_ts': ['IPU_left'], 'speech_ts': ['IPU']};['IPU_left_t6', 'IPU_left_t5', 'IPU_left_t4', 'IPU_left_t3', 'IPU_t6', 'IPU_t5', 'IPU_t4', 'IPU_t3'];['IPU_left_t6', 'IPU_left_t5', 'IPU_left_t4', 'IPU_left_t3', 'IPU_t6', 'IPU_t5', 'IPU_t4', 'IPU_t3'];0.6317934782608695;0.7127540359026239;0.647547070888739;0.04892520313161999;0.0393735592562986;0.046208619775732776;0.6548913043478262,0.5489130434782609,0.7255434782608695,0.6992753623188406,0.6422101449275363,0.6168478260869565,0.6268115942028986,0.6032608695652174,0.6023550724637681,0.5978260869565217
LeftFusiformGyrus;None;6;{'C': 1, 'kernel': 'linear', 'random_state': 5};{'energy_ts': ['mouth_AU', 'eyes_AU', 'total_AU', 'head_rotation_energy', 'head_translation_energy', 'head_positions'], 'eyetracking_ts': ['Face']};['mouth_AU_t6', 'mouth_AU_t5', 'mouth_AU_t4', 'mouth_AU_t3', 'eyes_AU_t6', 'eyes_AU_t5', 'eyes_AU_t4', 'eyes_AU_t3', 'total_AU_t6', 'total_AU_t5', 'total_AU_t4', 'total_AU_t3', 'head_rotation_energy_t6', 'head_rotation_energy_t5', 'head_rotation_energy_t4', 'head_rotation_energy_t3', 'head_translation_energy_t6', 'head_translation_energy_t5', 'head_translation_energy_t4', 'head_translation_energy_t3', 'head_positions_t6', 'head_positions_t5', 'head_positions_t4', 'head_positions_t3', 'Face_t6', 'Face_t5', 'Face_t4', 'Face_t3'];['mouth_AU_t6', 'mouth_AU_t5', 'mouth_AU_t4', 'mouth_AU_t3', 'eyes_AU_t6', 'eyes_AU_t5', 'eyes_AU_t4', 'eyes_AU_t3', 'total_AU_t6', 'total_AU_t5', 'total_AU_t4', 'total_AU_t3', 'head_rotation_energy_t6', 'head_rotation_energy_t5', 'head_rotation_energy_t4', 'head_rotation_energy_t3', 'head_translation_energy_t6', 'head_translation_energy_t5', 'head_translation_energy_t4', 'head_translation_energy_t3', 'head_positions_t6', 'head_positions_t5', 'head_positions_t4', 'head_positions_t3', 'Face_t6', 'Face_t5', 'Face_t4', 'Face_t3'];0.6390398550724636;0.6241586413849876;0.5946045788161018;0.11534553448515844;0.07755075241000313;0.11561450807480676;0.7617753623188406,0.7554347826086957,0.5996376811594203,0.6956521739130435,0.5045289855072463,0.5615942028985508,0.3976449275362319,0.6512681159420289,0.7382246376811594,0.7246376811594203
RightFusiformGyrus;None;6;{'C': 0.7, 'kernel': 'sigmoid', 'random_state': 5};{'energy_ts': ['mouth_AU', 'eyes_AU', 'total_AU', 'head_rotation_energy', 'head_translation_energy', 'head_positions']};['mouth_AU_t6', 'mouth_AU_t5', 'mouth_AU_t4', 'mouth_AU_t3', 'eyes_AU_t6', 'eyes_AU_t5', 'eyes_AU_t4', 'eyes_AU_t3', 'total_AU_t6', 'total_AU_t5', 'total_AU_t4', 'total_AU_t3', 'head_rotation_energy_t6', 'head_rotation_energy_t5', 'head_rotation_energy_t4', 'head_rotation_energy_t3', 'head_translation_energy_t6', 'head_translation_energy_t5', 'head_translation_energy_t4', 'head_translation_energy_t3', 'head_positions_t6', 'head_positions_t5', 'head_positions_t4', 'head_positions_t3'];['mouth_AU_t6', 'mouth_AU_t5', 'mouth_AU_t4', 'mouth_AU_t3', 'eyes_AU_t6', 'eyes_AU_t5', 'eyes_AU_t4', 'eyes_AU_t3', 'total_AU_t6', 'total_AU_t5', 'total_AU_t4', 'total_AU_t3', 'head_rotation_energy_t6', 'head_rotation_energy_t5', 'head_rotation_energy_t4', 'head_rotation_energy_t3', 'head_translation_energy_t6', 'head_translation_energy_t5', 'head_translation_energy_t4', 'head_translation_energy_t3', 'head_positions_t6', 'head_positions_t5', 'head_positions_t4', 'head_positions_t3'];0.4903985507246376;0.6065851711582333;0.47188091669909416;0.10055996078502362;0.08757006316016806;0.10123799342382764;0.6041666666666666,0.6222826086956522,0.6059782608695652,0.3894927536231884,0.5597826086956522,0.45742753623188404,0.38768115942028986,0.3958333333333333,0.532608695652174,0.348731884057971
RightFusiformGyrus;None;6;{'C': 0.7, 'kernel': 'rbf', 'random_state': 5};{'eyetracking_ts': ['Vx', 'Vy', 'saccades', 'Face', 'Mouth', 'Eyes']};['Vx_t6', 'Vx_t5', 'Vx_t4', 'Vx_t3', 'Vy_t6', 'Vy_t5', 'Vy_t4', 'Vy_t3', 'saccades_t6', 'saccades_t5', 'saccades_t4', 'saccades_t3', 'Face_t6', 'Face_t5', 'Face_t4', 'Face_t3', 'Mouth_t6', 'Mouth_t5', 'Mouth_t4', 'Mouth_t3', 'Eyes_t6', 'Eyes_t5', 'Eyes_t4', 'Eyes_t3'];['Vx_t6', 'Vx_t5', 'Vx_t4', 'Vx_t3', 'Vy_t6', 'Vy_t5', 'Vy_t4', 'Vy_t3', 'saccades_t6', 'saccades_t5', 'saccades_t4', 'saccades_t3', 'Face_t6', 'Face_t5', 'Face_t4', 'Face_t3', 'Mouth_t6', 'Mouth_t5', 'Mouth_t4', 'Mouth_t3', 'Eyes_t6', 'Eyes_t5', 'Eyes_t4', 'Eyes_t3'];0.5115036231884058;0.6055931112971437;0.5181305965054687;0.09332967807508406;0.07060149715221054;0.10370071930763443;0.5561594202898551,0.6132246376811594,0.4936594202898551,0.4148550724637681,0.509963768115942,0.5452898550724637,0.2826086956521739,0.5588768115942029,0.5353260869565217,0.605072463768116
RightFusiformGyrus;None;6;{'C': 0.7, 'kernel': 'sigmoid', 'random_state': 5};{'eyetracking_ts': ['Face']};['Face_t6', 'Face_t5', 'Face_t4', 'Face_t3'];['Face_t6', 'Face_t5', 'Face_t4', 'Face_t3'];0.4365942028985508;0.5594451950142401;0.444375595956567;0.07966690197253362;0.07417154251721923;0.08318383374777669;0.28532608695652173,0.3442028985507246,0.5335144927536232,0.427536231884058,0.5362318840579711,0.5226449275362319,0.4420289855072464,0.4628623188405797,0.4420289855072464,0.3695652173913043
RightFusiformGyrus;None;6;{'C': 0.7, 'kernel': 'sigmoid', 'random_state': 5};{'energy_ts': ['mouth_AU', 'eyes_AU', 'total_AU', 'head_rotation_energy', 'head_translation_energy', 'head_positions'], 'eyetracking_ts': ['Face']};['mouth_AU_t6', 'mouth_AU_t5', 'mouth_AU_t4', 'mouth_AU_t3', 'eyes_AU_t6', 'eyes_AU_t5', 'eyes_AU_t4', 'eyes_AU_t3', 'total_AU_t6', 'total_AU_t5', 'total_AU_t4', 'total_AU_t3', 'head_rotation_energy_t6', 'head_rotation_energy_t5', 'head_rotation_energy_t4', 'head_rotation_energy_t3', 'head_translation_energy_t6', 'head_translation_energy_t5', 'head_translation_energy_t4', 'head_translation_energy_t3', 'head_positions_t6', 'head_positions_t5', 'head_positions_t4', 'head_positions_t3', 'Face_t6', 'Face_t5', 'Face_t4', 'Face_t3'];['mouth_AU_t6', 'mouth_AU_t5', 'mouth_AU_t4', 'mouth_AU_t3', 'eyes_AU_t6', 'eyes_AU_t5', 'eyes_AU_t4', 'eyes_AU_t3', 'total_AU_t6', 'total_AU_t5', 'total_AU_t4', 'total_AU_t3', 'head_rotation_energy_t6', 'head_rotation_energy_t5', 'head_rotation_energy_t4', 'head_rotation_energy_t3', 'head_translation_energy_t6', 'head_translation_energy_t5', 'head_translation_energy_t4', 'head_translation_energy_t3', 'head_positions_t6', 'head_positions_t5', 'head_positions_t4', 'head_positions_t3', 'Face_t6', 'Face_t5', 'Face_t4', 'Face_t3'];0.46893115942028973;0.5533314787641408;0.47495503958478047;0.08333633619353405;0.06591643215397427;0.0875124146327754;0.33152173913043476,0.3333333333333333,0.447463768115942,0.5815217391304348,0.4528985507246377,0.509963768115942,0.42028985507246375,0.5552536231884058,0.5190217391304349,0.5380434782608695
LeftFusiformGyrus;None;6;{'C': 0.7, 'kernel': 'sigmoid', 'random_state': 5};{'energy_ts': ['mouth_AU', 'eyes_AU', 'total_AU', 'head_rotation_energy', 'head_translation_energy', 'head_positions']};['mouth_AU_t6', 'mouth_AU_t5', 'mouth_AU_t4', 'mouth_AU_t3', 'eyes_AU_t6', 'eyes_AU_t5', 'eyes_AU_t4', 'eyes_AU_t3', 'total_AU_t6', 'total_AU_t5', 'total_AU_t4', 'total_AU_t3', 'head_rotation_energy_t6', 'head_rotation_energy_t5', 'head_rotation_energy_t4', 'head_rotation_energy_t3', 'head_translation_energy_t6', 'head_translation_energy_t5', 'head_translation_energy_t4', 'head_translation_energy_t3', 'head_positions_t6', 'head_positions_t5', 'head_positions_t4', 'head_positions_t3'];['mouth_AU_t6', 'mouth_AU_t5', 'mouth_AU_t4', 'mouth_AU_t3', 'eyes_AU_t6', 'eyes_AU_t5', 'eyes_AU_t4', 'eyes_AU_t3', 'total_AU_t6', 'total_AU_t5', 'total_AU_t4', 'total_AU_t3', 'head_rotation_energy_t6', 'head_rotation_energy_t5', 'head_rotation_energy_t4', 'head_rotation_energy_t3', 'head_translation_energy_t6', 'head_translation_energy_t5', 'head_translation_energy_t4', 'head_translation_energy_t3', 'head_positions_t6', 'head_positions_t5', 'head_positions_t4', 'head_positions_t3'];0.5115036231884058;0.5940095744457144;0.4858239185715048;0.09751615726022582;0.08709562884645829;0.12722160682492697;0.5561594202898551,0.4791666666666667,0.32518115942028986,0.5036231884057971,0.3967391304347826,0.6195652173913043,0.552536231884058,0.6594202898550725,0.4447463768115942,0.5778985507246377
RightFusiformGyrus;None;6;{'C': 0.7, 'kernel': 'sigmoid', 'random_state': 5};{'energy_ts': ['mouth_AU', 'eyes_AU', 'total_AU', 'head_rotation_energy', 'head_translation_energy', 'head_positions']};['mouth_AU_t6', 'mouth_AU_t5', 'mouth_AU_t4', 'mouth_AU_t3', 'eyes_AU_t6', 'eyes_AU_t5', 'eyes_AU_t4', 'eyes_AU_t3', 'total_AU_t6', 'total_AU_t5', 'total_AU_t4', 'total_AU_t3', 'head_rotation_energy_t6', 'head_rotation_energy_t5', 'head_rotation_energy_t4', 'head_rotation_energy_t3', 'head_translation_energy_t6', 'head_translation_energy_t5', 'head_translation_energy_t4', 'head_translation_energy_t3', 'head_positions_t6', 'head_positions_t5', 'head_positions_t4', 'head_positions_t3'];['mouth_AU_t6', 'mouth_AU_t5', 'mouth_AU_t4', 'mouth_AU_t3', 'eyes_AU_t6', 'eyes_AU_t5', 'eyes_AU_t4', 'eyes_AU_t3', 'total_AU_t6', 'total_AU_t5', 'total_AU_t4', 'total_AU_t3', 'head_rotation_energy_t6', 'head_rotation_energy_t5', 'head_rotation_energy_t4', 'head_rotation_energy_t3', 'head_translation_energy_t6', 'head_translation_energy_t5', 'head_translation_energy_t4', 'head_translation_energy_t3', 'head_positions_t6', 'head_positions_t5', 'head_positions_t4', 'head_positions_t3'];0.4966485507246377;0.6279353719850393;0.4793131726751313;0.10871833247677293;0.09130684086770595;0.1408930957689204;0.5480072463768116,0.5036231884057971,0.27717391304347827,0.529891304347826,0.3822463768115942,0.6431159420289855,0.5534420289855072,0.6458333333333334,0.45018115942028986,0.4329710144927536
LeftFusiformGyrus;None;6;{'C': 0.7, 'kernel': 'sigmoid', 'random_state': 5};{'eyetracking_ts': ['Vx', 'Vy', 'saccades', 'Face', 'Mouth', 'Eyes']};['Vx_t6', 'Vx_t5', 'Vx_t4', 'Vx_t3', 'Vy_t6', 'Vy_t5', 'Vy_t4', 'Vy_t3', 'saccades_t6', 'saccades_t5', 'saccades_t4', 'saccades_t3', 'Face_t6', 'Face_t5', 'Face_t4', 'Face_t3', 'Mouth_t6', 'Mouth_t5', 'Mouth_t4', 'Mouth_t3', 'Eyes_t6', 'Eyes_t5', 'Eyes_t4', 'Eyes_t3'];['Vx_t6', 'Vx_t5', 'Vx_t4', 'Vx_t3', 'Vy_t6', 'Vy_t5', 'Vy_t4', 'Vy_t3', 'saccades_t6', 'saccades_t5', 'saccades_t4', 'saccades_t3', 'Face_t6', 'Face_t5', 'Face_t4', 'Face_t3', 'Mouth_t6', 'Mouth_t5', 'Mouth_t4', 'Mouth_t3', 'Eyes_t6', 'Eyes_t5', 'Eyes_t4', 'Eyes_t3'];0.48885869565217394;0.5852878033297869;0.4917750689392711;0.057223225574574;0.07190934367096263;0.05963637098448081;0.49184782608695654,0.5027173913043478,0.5389492753623188,0.5480072463768116,0.365036231884058,0.5543478260869565,0.5063405797101449,0.44565217391304346,0.5117753623188406,0.42391304347826086
RightFusiformGyrus;None;6;{'C': 0.7, 'kernel': 'sigmoid', 'random_state': 5};{'eyetracking_ts': ['Vx', 'Vy', 'saccades', 'Face', 'Mouth', 'Eyes']};['Vx_t6', 'Vx_t5', 'Vx_t4', 'Vx_t3', 'Vy_t6', 'Vy_t5', 'Vy_t4', 'Vy_t3', 'saccades_t6', 'saccades_t5', 'saccades_t4', 'saccades_t3', 'Face_t6', 'Face_t5', 'Face_t4', 'Face_t3', 'Mouth_t6', 'Mouth_t5', 'Mouth_t4', 'Mouth_t3', 'Eyes_t6', 'Eyes_t5', 'Eyes_t4', 'Eyes_t3'];['Vx_t6', 'Vx_t5', 'Vx_t4', 'Vx_t3', 'Vy_t6', 'Vy_t5', 'Vy_t4', 'Vy_t3', 'saccades_t6', 'saccades_t5', 'saccades_t4', 'saccades_t3', 'Face_t6', 'Face_t5', 'Face_t4', 'Face_t3', 'Mouth_t6', 'Mouth_t5', 'Mouth_t4', 'Mouth_t3', 'Eyes_t6', 'Eyes_t5', 'Eyes_t4', 'Eyes_t3'];0.49601449275362314;0.5778048601996147;0.5050401645532845;0.07630790899654723;0.08192324137013549;0.07752531601188456;0.4855072463768116,0.5217391304347826,0.4773550724637681,0.5489130434782609,0.6865942028985508,0.411231884057971,0.453804347826087,0.421195652173913,0.5135869565217391,0.44021739130434784
LeftFusiformGyrus;None;6;{'C': 0.7, 'kernel': 'sigmoid', 'random_state': 5};{'eyetracking_ts': ['Face']};['Face_t6', 'Face_t5', 'Face_t4', 'Face_t3'];['Face_t6', 'Face_t5', 'Face_t4', 'Face_t3'];0.5281702898550724;0.5888101415231187;0.5253462750758912;0.05610599667922352;0.05805495828420188;0.0590958148227154;0.5018115942028986,0.4954710144927536,0.5443840579710145,0.5498188405797102,0.6367753623188406,0.5480072463768116,0.5978260869565217,0.45471014492753625,0.5009057971014492,0.4519927536231884
RightFusiformGyrus;None;6;{'C': 0.7, 'kernel': 'sigmoid', 'random_state': 5};{'eyetracking_ts': ['Face']};['Face_t6', 'Face_t5', 'Face_t4', 'Face_t3'];['Face_t6', 'Face_t5', 'Face_t4', 'Face_t3'];0.5307065217391304;0.6081693737441551;0.5375021698156995;0.07020418402660498;0.08004629643804792;0.08376209514423291;0.49818840579710144,0.483695652173913,0.5380434782608695,0.45471014492753625,0.7019927536231884,0.5670289855072463,0.4601449275362319,0.5552536231884058,0.48007246376811596,0.5679347826086957
LeftFusiformGyrus;None;6;{'C': 0.7, 'kernel': 'sigmoid', 'random_state': 5};{'energy_ts': ['mouth_AU', 'eyes_AU', 'total_AU', 'head_rotation_energy', 'head_translation_energy', 'head_positions'], 'eyetracking_ts': ['Face']};['mouth_AU_t6', 'mouth_AU_t5', 'mouth_AU_t4', 'mouth_AU_t3', 'eyes_AU_t6', 'eyes_AU_t5', 'eyes_AU_t4', 'eyes_AU_t3', 'total_AU_t6', 'total_AU_t5', 'total_AU_t4', 'total_AU_t3', 'head_rotation_energy_t6', 'head_rotation_energy_t5', 'head_rotation_energy_t4', 'head_rotation_energy_t3', 'head_translation_energy_t6', 'head_translation_energy_t5', 'head_translation_energy_t4', 'head_translation_energy_t3', 'head_positions_t6', 'head_positions_t5', 'head_positions_t4', 'head_positions_t3', 'Face_t6', 'Face_t5', 'Face_t4', 'Face_t3'];['mouth_AU_t6', 'mouth_AU_t5', 'mouth_AU_t4', 'mouth_AU_t3', 'eyes_AU_t6', 'eyes_AU_t5', 'eyes_AU_t4', 'eyes_AU_t3', 'total_AU_t6', 'total_AU_t5', 'total_AU_t4', 'total_AU_t3', 'head_rotation_energy_t6', 'head_rotation_energy_t5', 'head_rotation_energy_t4', 'head_rotation_energy_t3', 'head_translation_energy_t6', 'head_translation_energy_t5', 'head_translation_energy_t4', 'head_translation_energy_t3', 'head_positions_t6', 'head_positions_t5', 'head_positions_t4', 'head_positions_t3', 'Face_t6', 'Face_t5', 'Face_t4', 'Face_t3'];0.5130434782608696;0.5791272455577522;0.5150976963488352;0.05644969395763012;0.08512767553551576;0.0596871629938935;0.5670289855072463,0.4954710144927536,0.5760869565217391,0.46648550724637683,0.5317028985507246,0.519927536231884,0.48278985507246375,0.38768115942028986,0.5163043478260869,0.5869565217391305
RightFusiformGyrus;None;6;{'C': 0.7, 'kernel': 'sigmoid', 'random_state': 5};{'energy_ts': ['mouth_AU', 'eyes_AU', 'total_AU', 'head_rotation_energy', 'head_translation_energy', 'head_positions'], 'eyetracking_ts': ['Face']};['mouth_AU_t6', 'mouth_AU_t5', 'mouth_AU_t4', 'mouth_AU_t3', 'eyes_AU_t6', 'eyes_AU_t5', 'eyes_AU_t4', 'eyes_AU_t3', 'total_AU_t6', 'total_AU_t5', 'total_AU_t4', 'total_AU_t3', 'head_rotation_energy_t6', 'head_rotation_energy_t5', 'head_rotation_energy_t4', 'head_rotation_energy_t3', 'head_translation_energy_t6', 'head_translation_energy_t5', 'head_translation_energy_t4', 'head_translation_energy_t3', 'head_positions_t6', 'head_positions_t5', 'head_positions_t4', 'head_positions_t3', 'Face_t6', 'Face_t5', 'Face_t4', 'Face_t3'];['mouth_AU_t6', 'mouth_AU_t5', 'mouth_AU_t4', 'mouth_AU_t3', 'eyes_AU_t6', 'eyes_AU_t5', 'eyes_AU_t4', 'eyes_AU_t3', 'total_AU_t6', 'total_AU_t5', 'total_AU_t4', 'total_AU_t3', 'head_rotation_energy_t6', 'head_rotation_energy_t5', 'head_rotation_energy_t4', 'head_rotation_energy_t3', 'head_translation_energy_t6', 'head_translation_energy_t5', 'head_translation_energy_t4', 'head_translation_energy_t3', 'head_positions_t6', 'head_positions_t5', 'head_positions_t4', 'head_positions_t3', 'Face_t6', 'Face_t5', 'Face_t4', 'Face_t3'];0.4860507246376812;0.5622240640220837;0.49495697995829413;0.06625607056873031;0.10314922651369354;0.07266888300891318;0.4483695652173913,0.4891304347826087,0.5942028985507246,0.44021739130434784,0.49184782608695654,0.4438405797101449,0.4375,0.3813405797101449,0.552536231884058,0.5815217391304348
